url,domain,path_depth,url_length,num_digits,num_params,width,height,aspect_ratio,request_type,has_ad_keyword,is_ad
https://cdn.hadronid.net/hadron.js?url=https%3A%2F%2Fdantri.com.vn%2F&ref=&_it=amazon&partner_id=524,cdn.hadronid.net,1,100,7,4,0,0,0.0,script,1,1
https://cdn.id5-sync.com/api/1.0/id5PrebidModule.js,cdn.id5-sync.com,3,51,4,0,0,0,0.0,script,0,1
https://pagead2.googlesyndication.com/pagead/managed/js/adsense/m202602020101/show_ads_impl_fy2021.js?bust=31096561,pagead2.googlesyndication.com,6,115,25,1,0,0,0.0,script,1,1
https://config.aps.amazon-adsystem.com/configs/aa05931b-5308-4ea3-95a2-adf84f4ffde4,config.aps.amazon-adsystem.com,2,83,18,0,0,0,0.0,script,1,1
https://client.aps.amazon-adsystem.com/publisher.js,client.aps.amazon-adsystem.com,1,51,0,0,0,0,0.0,script,1,1
https://scripts.clarity.ms/0.8.53/clarity.js,scripts.clarity.ms,2,44,4,0,0,0,0.0,script,0,1
https://www.clarity.ms/tag/bs08zoyngs?ref=gtm2,www.clarity.ms,2,46,3,1,0,0,0.0,script,0,1
https://www.googletagmanager.com/gtag/js?id=G-E9JBQPRHRK&cx=c&gtm=4e61u1,www.googletagmanager.com,2,72,5,3,0,0,0.0,script,0,1
https://www.googletagmanager.com/gtm.js?id=GTM-PM6G9ZN,www.googletagmanager.com,1,54,2,1,0,0,0.0,script,0,1
https://securepubads.g.doubleclick.net/pagead/managed/js/gpt/m202601270101/pubads_impl.js,securepubads.g.doubleclick.net,6,89,12,0,0,0,0.0,script,1,1
https://tags.crwdcntrl.net/lt/c/16589/sync.min.js,tags.crwdcntrl.net,4,49,5,0,0,0,0.0,script,0,1
https://cdn.jsdelivr.net/gh/prebid/shared-id/pubcid.js/docs/pubcid.min.js,cdn.jsdelivr.net,6,73,0,0,0,0,0.0,script,0,1
https://invstatic101.creativecdn.com/encrypted-signals/encrypted-tag-g.js,invstatic101.creativecdn.com,2,73,3,0,0,0,0.0,script,0,1
https://connectid.analytics.yahoo.com/connectId-gpt.js,connectid.analytics.yahoo.com,1,54,0,0,0,0,0.0,script,0,1
https://securepubads.g.doubleclick.net/tag/js/gpt.js,securepubads.g.doubleclick.net,3,52,0,0,0,0,0.0,script,1,1
https://cdn.dtadnetwork.com/tag/pii_55e5cc4f12e7453ee5e5d52c0bfb6da8.js,cdn.dtadnetwork.com,2,71,17,0,0,0,0.0,script,1,1
https://cdn.dtadnetwork.com/tag/ctbk_55e5cc4f12e7453ee5e5d52c0bfb6da8.js,cdn.dtadnetwork.com,2,72,17,0,0,0,0.0,script,1,1
https://www.googletagmanager.com/gtag/js?id=G-7SV2MJP43D,www.googletagmanager.com,2,56,4,1,0,0,0.0,script,0,1
https://cdn.dtadnetwork.com/tag/weather_data.js,cdn.dtadnetwork.com,2,47,0,0,0,0,0.0,script,1,1
https://cdn.dtadnetwork.com/tag/bskw.js,cdn.dtadnetwork.com,2,39,0,0,0,0,0.0,script,1,1
https://www.ezojs.com/ezoic/sa.min.js,www.ezojs.com,2,37,0,0,0,0,0.0,script,0,1
https://pagead2.googlesyndication.com/pagead/js/adsbygoogle.js?client=6148665912136120,pagead2.googlesyndication.com,3,86,17,1,0,0,0.0,script,1,1
https://securepubads.g.doubleclick.net/tag/js/gpt.js,securepubads.g.doubleclick.net,3,52,0,0,0,0,0.0,script,1,1
https://d-code.liadm.com/did-006t.min.js,d-code.liadm.com,1,40,3,0,0,0,0.0,script,1,1
https://link.rubiconproject.com/magnite/21150.js,link.rubiconproject.com,2,48,5,0,0,0,0.0,script,0,1
https://go.ezodn.com/ezoicanalytics.js?cb=1&dcb=195-0&shcb=34,go.ezodn.com,1,61,7,3,0,0,0.0,script,0,1
https://carbon-cdn.ccgateway.net/script?id=dantri.com.vn&parentId=0dae949f4b,carbon-cdn.ccgateway.net,1,76,5,2,0,0,0.0,script,0,1
https://config.aps.amazon-adsystem.com/configs/aa05931b-5308-4ea3-95a2-adf84f4ffde4,config.aps.amazon-adsystem.com,2,83,18,0,0,0,0.0,script,1,1
https://secure.cdn.fastclick.net/js/pubcid/latest/pubcid.min.js,secure.cdn.fastclick.net,4,63,0,0,0,0,0.0,script,0,1
https://tags.crwdcntrl.net/lt/c/16576/sync.min.js,tags.crwdcntrl.net,4,49,5,0,0,0,0.0,script,0,1
https://cdn.id5-sync.com/api/1.0/id5-api.js,cdn.id5-sync.com,3,43,4,0,0,0,0.0,script,0,1
https://secure.cdn.fastclick.net/js/cnvr-launcher/latest/launcher-stub.min.js,secure.cdn.fastclick.net,4,77,0,0,0,0,0.0,script,0,1
https://secure.cdn.fastclick.net/js/cnvr-launcher/latest/launcher.min.js,secure.cdn.fastclick.net,4,72,0,0,0,0,0.0,script,0,1
https://cdnphoto.dantri.com.vn/VvtOwI074vZ8p5VN2--3a5gGTgQ=/2025/07/15/logo-3png-1752569761698.png,cdnphoto.dantri.com.vn,5,98,30,0,108,42,2.57,image,0,0
https://cdnweb.dantri.com.vn/dist/static-fica-logo.1-0-1.2435f041ebf869641575.jpg,cdnweb.dantri.com.vn,2,81,19,0,26,26,1.0,image,0,0
https://cdnweb.dantri.com.vn/dist/static-dti-logo.1-0-1.bcb3ae7a10b2d69d8762.svg,cdnweb.dantri.com.vn,2,80,14,0,26,26,1.0,image,0,0
https://cdnweb.dantri.com.vn/dist/static-noivu-xahoi-logo.1-0-1.a4f3595fd7126fe8f384.svg,cdnweb.dantri.com.vn,2,88,16,0,26,26,1.0,image,0,0
https://cdnphoto.dantri.com.vn/WVdyM82-p6rtNuo_8ddq4DkY8uo=/zoom/351_234/2025/11/23/cong-chuc-cap-xa-tai-tphcm-trinh-nguyen-cropped-1763854809316.jpg,cdnphoto.dantri.com.vn,7,149,33,0,234,156,1.5,image,0,0
https://cdnphoto.dantri.com.vn/O5LQVm0zvkoXitay2jzYkOcySLQ=/zoom/351_234/2026/02/03/so-do-da-duoc-tich-hop-tren-vneid-1770108864754.jpg,cdnphoto.dantri.com.vn,7,135,30,0,234,156,1.5,image,0,0
https://cdnphoto.dantri.com.vn/qvYQyJatUOoOGPvnhiBE45t_2d4=/zoom/774_516/2026/02/03/202602031021496187z7495824103610cddee0ea950efd670ca656a77c782177-edited-1770109425584.jpg,cdnphoto.dantri.com.vn,7,173,80,0,512,341,1.5,image,0,0
https://cdnphoto.dantri.com.vn/pThadR7NdcibsJ5N4TzhWwq1BDA=/zoom/192_128/2026/02/03/z749537854343826853659f635bdea756f8a0a3de55b92-edited-cropped-1770106923848.jpg,cdnphoto.dantri.com.vn,7,163,65,0,120,80,1.5,image,1,0
https://cdnphoto.dantri.com.vn/mWM2WiMt-ccWMeR_CfW9CsRVek0=/zoom/192_128/2026/02/03/ukraine-bao-dong-ve-thuc-trang-be-phong-trong-khong-khi-hoa-luc-nga-o-at-1770103018300.jpg,cdnphoto.dantri.com.vn,7,174,30,0,120,80,1.5,image,0,0
https://cdnphoto.dantri.com.vn/zIMCr51raM2WGwghtnDotc_YyXU=/zoom/192_128/2026/02/03/dji202602030859320417djpg-1770089994232.jpg,cdnphoto.dantri.com.vn,7,127,48,0,120,80,1.5,image,0,0
https://cdnphoto.dantri.com.vn/WGBfrgdo6-LcxR6XWplDJ35_Ckk=/zoom/132_132/2026/01/19/pham-ngoc-hung-cropped-1768813137016.jpg,cdnphoto.dantri.com.vn,7,124,31,0,84,84,1.0,image,0,0
https://cdnphoto.dantri.com.vn/1BxAjVHgZV8kpcBikselubl11Vw=/zoom/351_234/2026/02/03/trung-tam-hoi-nghi-ham-rong-7jpg-1770100063113.jpg?watermark=true,cdnphoto.dantri.com.vn,7,149,32,1,234,156,1.5,image,0,0
https://cdnphoto.dantri.com.vn/VT-BSO9QmwdnqvLA35K6GWUVrow=/zoom/351_234/2026/02/02/gold-and-silver-prices-slide-as-markets-turn-sharply-lowerid5e5da1f1-1d73-41c0-b4a6-fc045e19d331original-cropped-1769990013285.jpg,cdnphoto.dantri.com.vn,7,214,51,0,234,156,1.5,image,0,0
https://cdnphoto.dantri.com.vn/IpOeU2c5skwZZpoQMH002-cE16s=/zoom/240_160/2024/02/24/chien-su-nga-ukraine-mariupol-anhminhhoaskynews057-crop-1708743975982.jpeg,cdnphoto.dantri.com.vn,7,158,37,0,150,100,1.5,image,0,0
https://cdnphoto.dantri.com.vn/6qyVmpnQMf9P7Af_rtcET54Jh1c=/zoom/240_160/2026/02/02/ngo-an-tat-nien-2-cropped-1770010267911.jpg,cdnphoto.dantri.com.vn,7,127,34,0,150,100,1.5,image,0,0
https://cdnphoto.dantri.com.vn/21R2fHqz72wIC33kWDFfkEUuHqE=/zoom/240_160/2026/02/03/xem-truc-tiep-tran-futsal-viet-nam-gap-indonesia-o-dau-1770098859484.jpg,cdnphoto.dantri.com.vn,7,156,34,0,150,100,1.5,image,0,0
https://cdnphoto.dantri.com.vn/ScIfLKfoJ4bLyOrb_uRw-hJXuEk=/zoom/240_160/2026/02/03/7f7a5326jpg-1770087430286.jpg,cdnphoto.dantri.com.vn,7,113,34,0,150,100,1.5,image,0,0
https://cdnphoto.dantri.com.vn/iSdqkOqt2WNeM6IOM9z2GFNYnSM=/zoom/240_160/2026/02/03/hamchuianphu1-ezgifcom-video-to-gif-convertergif-1770090314195.gif,cdnphoto.dantri.com.vn,7,150,32,0,150,100,1.5,image,0,0
https://cdnphoto.dantri.com.vn/WiIdNvZR4K65sfJCgF53IrOXnZQ=/zoom/240_160/2026/02/03/vff-wm-4-cropped-1770097121381.jpg,cdnphoto.dantri.com.vn,7,118,33,0,150,100,1.5,image,0,0
https://cdnweb.dantri.com.vn/dist/55988349b11941a2583b.png,cdnweb.dantri.com.vn,2,58,17,0,72,24,3.0,image,0,0
https://cdnphoto.dantri.com.vn/IpLR5QCmBgDrPXG1CrJGBfzyhA8=/zoom/351_234/2026/02/03/bao-duong-xe-may-truoc-tet-dung-chi-thay-moi-dau-anh1jpg-1770090710370.jpg,cdnphoto.dantri.com.vn,7,158,31,0,234,156,1.5,image,0,0
https://cdnphoto.dantri.com.vn/y03igNKaE3qDiMaA-G1Ws8Jiuso=/zoom/351_234/2021/12/29/ngu-dan-phu-yen-ky-vong-nam-moi-gia-ca-ngu-se-on-dinhtrung-thi-1640788135743.jpg,cdnphoto.dantri.com.vn,7,164,32,0,234,156,1.5,image,0,0
https://cdnphoto.dantri.com.vn/BwulaI4HB7WsGQwkHoKZlFegLhc=/zoom/351_234/2026/02/03/dji202602030859320417djpg-1770089994232.jpg,cdnphoto.dantri.com.vn,7,127,47,0,234,156,1.5,image,0,0
https://cdnphoto.dantri.com.vn/34pHfoCKSVkSPPjLZ5RVVGC7R9M=/2026/01/26/group-1597880507-1png-1769398612654.png,cdnphoto.dantri.com.vn,5,110,37,0,112,36,3.11,image,0,0
https://cdnphoto.dantri.com.vn/Eoa_Ovqv9mIMNjUItHDhqBOrgo4=/zoom/288_192/2026/02/02/ngo-an-tat-nien-2-cropped-1770010267911.jpg,cdnphoto.dantri.com.vn,7,127,30,0,192,128,1.5,image,0,0
https://cdnphoto.dantri.com.vn/P591GItc_mMwhpQiEHEJLc4tfkU=/zoom/144_96/2026/02/01/cay-kieng-1jpg-1769949565349.jpg,cdnphoto.dantri.com.vn,7,115,31,0,90,60,1.5,image,0,0
https://cdnphoto.dantri.com.vn/FtJM3YnhGJassLmotSLTwPYpb30=/zoom/144_96/2026/02/03/csgt-1770107625084.jpg,cdnphoto.dantri.com.vn,7,105,29,0,90,60,1.5,image,0,0
https://cdnphoto.dantri.com.vn/HCyTUcjAS1efssAzhoGrcVZqFGE=/zoom/144_96/2026/02/02/dsc3668jpg-1770015257552.jpg,cdnphoto.dantri.com.vn,7,111,31,0,90,60,1.5,image,0,0
https://cdnphoto.dantri.com.vn/ueLRd0aceVyKgTbjxRIr0b2TvYg=/zoom/144_96/2022/01/12/ban-phao-hoa-mung-xuan-o-ninh-binh-crop-1641986546224.jpeg,cdnphoto.dantri.com.vn,7,141,29,0,90,60,1.5,image,0,0
https://cdnphoto.dantri.com.vn/kaQllJNu0W_uszcoEenGpg7dqxE=/thumb_w/768/2026/02/02/robot-hinh-nguoigif-1769967823647.gif,cdnphoto.dantri.com.vn,7,120,26,0,244,162,1.51,image,0,0
https://cdnphoto.dantri.com.vn/3ShHdBX_55xyKSiecQyti1PfKMc=/thumb_w/768/2025/10/11/entrepreneur-using-tablet-laptopjpg-1760175775619.jpg,cdnphoto.dantri.com.vn,7,136,28,0,244,162,1.51,image,0,0
https://icdn.dantri.com.vn/2026/01/29/nvxh-2026-so-9png-1769676051437.png,icdn.dantri.com.vn,4,73,26,0,235,106,2.22,image,0,0
https://go.ezodn.com/utilcave_com/ezoicbwa.png,go.ezodn.com,2,46,0,0,14,14,1.0,image,0,0
https://go.ezodn.com/utilcave_com/ezoicbwa.png,go.ezodn.com,2,46,0,0,14,14,1.0,image,0,0
https://cdnweb.dantri.com.vn/dist/static-Logo-PhotoNews-Primary-Horizon.1-0-1.6f0823521c2770194b99.svg,cdnweb.dantri.com.vn,2,102,20,0,109,16,6.81,image,0,0
https://cdnweb.dantri.com.vn/dist/static-Logo-PhotoNews-Primary-Horizon.1-0-1.6f0823521c2770194b99.svg,cdnweb.dantri.com.vn,2,102,20,0,109,16,6.81,image,0,0
https://cdnweb.dantri.com.vn/dist/static-tam-diem.1-0-1.df6c5d8aceb7ec016c01.svg,cdnweb.dantri.com.vn,2,80,12,0,70,17,4.12,image,0,0
https://cdnweb.dantri.com.vn/dist/static-tam-diem.1-0-1.df6c5d8aceb7ec016c01.svg,cdnweb.dantri.com.vn,2,80,12,0,70,17,4.12,image,0,0
https://cdnweb.dantri.com.vn/dist/static-Logo_Infographic_Blue.1-0-1.4ecdcc6148286fb7dc73.svg,cdnweb.dantri.com.vn,2,93,14,0,94,16,5.88,image,0,0
https://cdnweb.dantri.com.vn/dist/static-Logo_Infographic_Blue.1-0-1.4ecdcc6148286fb7dc73.svg,cdnweb.dantri.com.vn,2,93,14,0,94,16,5.88,image,0,0
https://go.ezodn.com/utilcave_com/ezoicbwa.png,go.ezodn.com,2,46,0,0,14,14,1.0,image,0,0
https://cdnphoto.dantri.com.vn/n6Fc1WKi-0Nmr3R-b4NA6nYItBI=/2026/02/03/loat-bep-tu-doi-hong-ngoai-sunhouse-dang-mua-hien-nay-gia-chi-tu-25-trieu-dongjpg-1770111884541.jpg,cdnphoto.dantri.com.vn,5,170,29,0,264,176,1.5,image,0,0
https://cdnphoto.dantri.com.vn/dkZD6xs_97uN8Sfer6jujCibvWw=/2026/02/02/gia-tivi-sony-85-inch-k-85s30-cham-day-man-hinh-khung-voi-loat-trang-bi-cao-capjpg-1770000995709.jpg,cdnphoto.dantri.com.vn,5,171,32,0,264,176,1.5,image,0,0
https://cdnphoto.dantri.com.vn/7mQfdUZaEsDzuvKjfbSTEp-sGd8=/2026/02/02/duoi-5-trieu-dong-chon-ngay-loat-tivi-qled-43-inch-chat-luong-nam-2026jpg-1770022286169.jpg,cdnphoto.dantri.com.vn,5,162,30,0,264,176,1.5,image,0,0
https://cdnphoto.dantri.com.vn/5Os6GYVDTV8iB_4X94GqRfJ5zdY=/2026/02/02/may-giat-toshiba-12kg-tw-t21bu130uwvmg-giam-toi-5-trieu-dong-tiet-kiem-dien-vuot-troijpg-1770000964690.jpg,cdnphoto.dantri.com.vn,5,177,36,0,264,176,1.5,image,0,0
https://cdnphoto.dantri.com.vn/lcFb2JqvI1Fl2ql3slKvrYjl7DE=/2025/08/20/vpbanks-nhan-giai-doanh-nghiep-co-moi-truong-lam-viec-tot-nhat-chau-a-2025-cua-hr-asiajpg-1755662113579.jpg,cdnphoto.dantri.com.vn,5,178,30,0,264,176,1.5,image,0,0
https://cdnphoto.dantri.com.vn/QyBGO6iqhT8GqXZmGKwkxa8sucU=/2026/02/02/dien-thoai-honor-x9d-5g-gay-sot-voi-pin-8300-mah-camera-108mp-cung-cau-hinh-khungjpg-1770022342571.jpg,cdnphoto.dantri.com.vn,5,173,33,0,264,176,1.5,image,0,0
https://cdnphoto.dantri.com.vn/b_i_wpVE80AqcnUlS9p3eurjOY0=/2026/02/03/loat-xe-may-dien-phong-cach-co-dien-dep-me-ly-chay-toi-196-kmlan-sacjpg-1770111921077.jpg,cdnphoto.dantri.com.vn,5,160,29,0,264,176,1.5,image,0,0
https://securepubads.g.doubleclick.net/tag/js/gpt.js,securepubads.g.doubleclick.net,3,52,0,0,0,0,0.0,script,1,1
https://securepubads.g.doubleclick.net/tag/js/gpt.js,securepubads.g.doubleclick.net,3,52,0,0,0,0,0.0,script,1,1
https://cdn.dtadnetwork.com/tag/55e5cc4f12e7453ee5e5d52c0bfb6da8.js,cdn.dtadnetwork.com,2,67,17,0,0,0,0.0,script,1,1
https://cdn.id5-sync.com/api/1.0/id5-api.js,cdn.id5-sync.com,3,43,4,0,0,0,0.0,script,0,1
https://googleads.g.doubleclick.net/pagead/ads?gdpr=0&client=6148665912136120&output=html&adk=1812271804&adf=3025194257&lmt=1770112281&plat=3%3A2097152%2C4%3A2097152%2C9%3A32776%2C16%3A8388608%2C17%3A32%2C24%3A32%2C25%3A32%2C30%3A1081344%2C32%3A32%2C41%3A32%2C42%3A32%2C43%3A32&format=0x0&url=https%3A%2F%2Fdantri.com.vn%2F&pra=5&asro=0&aiapm=0.1542&aiapmd=0.1423&aiapmi=0.16&aiapmid=1&aiact=0.5423&aiactd=0.7&aicct=0.7&aicctd=0.5799&ailct=0.5849&ailctd=0.65&aimart=4&aimartd=4&aieuf=1&aicrs=1&uach=WyJMaW51eCIsIiIsIiIsIiIsIiIsbnVsbCwwLG51bGwsIiIsbnVsbCwwXQ..&abgtt=6&dt=1770112306964&bpp=47&bdt=4753&idt=949&shv=r20260129&mjsv=m202602020101&ptt=9&saldr=aa&abxe=1&cookie=ID%3D242e3403e9231974%3AT%3D1770112305%3ART%3D1770112305%3AS%3DALNI_MZ80_dw1J1C5SRZRl1Khi6X8JeLGA&gpic=UID%3D0000132714fffa53%3AT%3D1770112305%3ART%3D1770112305%3AS%3DALNI_MbmyY1nSyJD55MsId5nazWd97xSOw&eo_id_str=ID%3D352492150d943e5a%3AT%3D1770112305%3ART%3D1770112305%3AS%3DAA-AfjaLknTb9LoR4MMw9DnDwvcr&nras=1&correlator=8269377466540&frm=20&pv=2&u_tz=420&u_his=2&u_h=600&u_w=800&u_ah=600&u_aw=800&u_cd=24&u_sd=1&dmc=8&adx=-12245933&ady=-12245933&biw=1351&bih=629&scr_x=0&scr_y=1500&eid=95378425%2C95381248%2C95381489%2C95381972%2C31096561&oid=2&pvsid=2756044332524278&tmod=395792096&uas=0&nvt=1&fsapi=1&fc=1920&brdim=10%2C10%2C10%2C10%2C800%2C0%2C1366%2C768%2C1366%2C629&vis=1&rsz=%7C%7Cs%7C&abl=NS&fu=33792&bc=31&bz=1&pgls=CAk.&ifi=3&uci=a!3&fsb=1&dtd=1050,googleads.g.doubleclick.net,2,1430,568,78,0,0,0.0,subdocument,1,1
https://i.liadm.com/sync-container?duid=51de1ef0ca05--01kghemmkmzse8164p4ptz1vk0&ds=did-006t&euns=1&s=&version=v3.13.1&cd=.dantri.com.vn&pv=1282563f-a984-45b8-817b-088b2bf54f7a,i.liadm.com,1,176,46,7,0,0,0.0,subdocument,1,1
https://a.ad.gt/api/v1/u/matches/524?_it=amazon,a.ad.gt,5,47,4,1,0,0,0.0,script,1,1
https://cm.g.doubleclick.net/partnerpixels?gdpr=0&url=https%3A%2F%2Fdantri.com.vn%2F,cm.g.doubleclick.net,1,84,5,2,300,150,2.0,subdocument,0,1
https://googleads.g.doubleclick.net/pagead/html/r20260129/r20190131/zrt_lookup_fy2021.html,googleads.g.doubleclick.net,5,90,20,0,300,150,2.0,subdocument,1,1
https://onetag-sys.com/static/topicsapi.html?bidder=onetag,onetag-sys.com,2,58,0,1,300,150,2.0,subdocument,0,0
https://ads.pubmatic.com/AdServer/js/topics/topics_frame.html?bidder=pubmatic,ads.pubmatic.com,4,77,0,1,300,150,2.0,subdocument,1,1
https://pa.openx.net/topics_frame.html?bidder=openx,pa.openx.net,1,51,0,1,300,150,2.0,subdocument,0,1
https://www.googletagmanager.com/gtag/js?id=G-RT540960JS&cx=c&gtm=4e61u1h1,www.googletagmanager.com,2,74,11,3,0,0,0.0,script,0,1
https://c.amazon-adsystem.com/aax2/apstag.js,c.amazon-adsystem.com,2,44,1,0,0,0,0.0,script,1,1
https://www.google-analytics.com/analytics.js,www.google-analytics.com,1,45,0,0,0,0,0.0,script,0,1
https://www.googletagmanager.com/gtag/js?id=G-DQJ7NF9DN2&cx=c&gtm=4e61u1,www.googletagmanager.com,2,72,7,3,0,0,0.0,script,0,1
https://www.googletagmanager.com/gtag/js?id=G-57577CKS2C&cx=c&gtm=4e61u1,www.googletagmanager.com,2,72,10,3,0,0,0.0,script,0,1
https://www.googletagmanager.com/gtag/js?id=G-8DHKH6QPCD&cx=c&gtm=4e61u1h1,www.googletagmanager.com,2,74,7,3,0,0,0.0,script,0,1
https://www.google-analytics.com/analytics.js,www.google-analytics.com,1,45,0,0,0,0,0.0,script,0,1
https://www.googletagmanager.com/gtm.js?id=GTM-NMB96XWK,www.googletagmanager.com,1,55,2,1,0,0,0.0,script,0,1
https://www.googletagmanager.com/gtm.js?id=GTM-N3FNJF,www.googletagmanager.com,1,53,1,1,0,0,0.0,script,0,1
https://securepubads.g.doubleclick.net/tag/js/gpt.js,securepubads.g.doubleclick.net,3,52,0,0,0,0,0.0,script,1,1
https://securepubads.g.doubleclick.net/pagead/managed/js/gpt/m202601280101/pubads_impl.js?cb=31096503,securepubads.g.doubleclick.net,6,101,20,1,0,0,0.0,script,1,1
https://cdn.prod.uidapi.com/uid2SecureSignal.js,cdn.prod.uidapi.com,1,47,1,0,0,0,0.0,script,0,1
https://cdn.jsdelivr.net/gh/prebid/shared-id/pubcid.js/docs/pubcid.min.js,cdn.jsdelivr.net,6,73,0,0,0,0,0.0,script,0,1
https://ads.pubmatic.com/AdServer/js/google-esp.js,ads.pubmatic.com,3,50,0,0,0,0,0.0,script,1,1
https://cdn.id5-sync.com/api/1.0/esp.js,cdn.id5-sync.com,3,39,3,0,0,0,0.0,script,0,1
https://config.aps.amazon-adsystem.com/configs/5a90f59d-af68-42e6-9094-f2edb79929fa,config.aps.amazon-adsystem.com,2,83,20,0,0,0,0.0,script,1,1
https://www.googletagmanager.com/gtag/js?id=G-RT540960JS,www.googletagmanager.com,2,56,6,1,0,0,0.0,script,0,1
https://s1cdn.vnecdn.net/vnexpress/restruct/i/v9777/v2_2019/pc/graphics/logo_tagline.svg,s1cdn.vnecdn.net,8,88,10,0,173,46,3.76,image,0,0
https://s1cdn.vnecdn.net/vnexpress/restruct/c/v3806/v2_2019/pc/images/graphics/menu-myvne.svg,s1cdn.vnecdn.net,9,93,10,0,66,30,2.2,image,0,0
https://vcdn1-vnexpress.vnecdn.net/2026/02/03/a-nh-ma-n-hi-nh-2026-01-29-lu-6504-1371-1770110798.png?w=120&h=72&q=100&dpr=2&fit=crop&s=crpNYRC-gn5znGzeq42jzw,vcdn1-vnexpress.vnecdn.net,4,157,47,6,520,312,1.67,image,0,0
https://vcdn1-vnexpress.vnecdn.net/2026/02/03/5563187178137269064b-177009121-5715-3400-1770091319.jpg?w=120&h=72&q=100&dpr=2&fit=crop&s=1kro9AG1zXB0DwchLwO8tg,vcdn1-vnexpress.vnecdn.net,4,158,69,6,247,148,1.67,image,0,0
https://vcdn1-dulich.vnecdn.net/2026/02/03/1d192bc5-7fce-4128-919b-a3cc76-1950-4788-1770084005.jpg?w=120&h=72&q=100&dpr=2&fit=crop&s=HWpmEQcqBVEWXAh0rQuwkg,vcdn1-dulich.vnecdn.net,4,155,53,6,247,148,1.67,image,0,0
https://vcdn1-vnexpress.vnecdn.net/2026/02/03/download1-1770092392-4131-1770092705.jpg?w=120&h=72&q=100&dpr=2&fit=crop&s=SjkBCPLRuX7JG6pcQEg1bw,vcdn1-vnexpress.vnecdn.net,4,143,46,6,247,148,1.67,image,1,0
https://vcdn1-thethao.vnecdn.net/2026/02/03/lewis-hamilton-shakira-1770105759-1770105782-1770106448.png?w=120&h=72&q=100&dpr=2&fit=crop&s=AjRlV8MKlDMz3N0T2ZthAw,vcdn1-thethao.vnecdn.net,4,160,52,6,145,87,1.67,image,0,0
https://vcdn1-kinhdoanh.vnecdn.net/2026/02/03/oil-rosneft-1754580294-4860-17-4315-8479-1770106706.jpg?w=220&h=132&q=100&dpr=1&fit=crop&s=gkUl4jgZnLNl-DiH53QjRQ,vcdn1-kinhdoanh.vnecdn.net,4,159,56,6,145,87,1.67,image,0,0
https://vcdn1-vnexpress.vnecdn.net/2026/02/03/F15EX-1770103532-1121-1770103911.png?w=220&h=132&q=100&dpr=1&fit=crop&s=UJgT_1h6xRoqpxEM6B1p6w,vcdn1-vnexpress.vnecdn.net,4,140,50,6,145,87,1.67,image,0,0
https://vcdn1-vnexpress.vnecdn.net/2026/02/02/5f8162e13ce811ad67a75222f20927-3643-4695-1770018900.webp?w=220&h=132&q=100&dpr=1&fit=crop&s=5M5CdfRZS17RO5_vCNjfZw,vcdn1-vnexpress.vnecdn.net,4,160,64,6,145,87,1.67,image,1,0
https://vcdn1-vnexpress.vnecdn.net/2026/02/03/z7496508736646-4a9c36df8b51141fe8635fa5ca92045c-1770100916-1770100928.jpg?w=220&h=132&q=100&dpr=1&fit=crop&s=PsYxzxBe4YGUEsclBM_xNQ,vcdn1-vnexpress.vnecdn.net,4,177,73,6,145,87,1.67,image,0,0
https://vcdn1-dulich.vnecdn.net/2026/02/02/cuaso-1770026449-1770027196-9297-1770027347.jpg?w=220&h=132&q=100&dpr=1&fit=crop&s=rGx-LeY4Yi0VyDV-IDEHRA,vcdn1-dulich.vnecdn.net,4,148,55,6,145,87,1.67,image,0,0
https://vcdn1-kinhdoanh.vnecdn.net/2026/02/03/233a1253-1770085466-1770085477-4731-1770085613.jpg?w=220&h=132&q=100&dpr=1&fit=crop&s=yYWb10iAFMF1lRNJ1tIzoQ,vcdn1-kinhdoanh.vnecdn.net,4,154,64,6,145,87,1.67,image,0,0
https://vcdn1-kinhdoanh.vnecdn.net/2026/02/03/2025-07-30t150655z-656375504-r-2335-7951-1770081211.jpg?w=220&h=132&q=100&dpr=1&fit=crop&s=_9fcthKveuv066GRAjnKkw,vcdn1-kinhdoanh.vnecdn.net,4,159,64,6,145,87,1.67,image,0,0
https://vcdn1-giadinh.vnecdn.net/2026/02/03/a-nh-ma-n-hi-nh-2026-02-03-lu-4086-2372-1770091611.png?w=220&h=132&q=100&dpr=1&fit=crop&s=n7g1wujez6DO8snWg__oCw,vcdn1-giadinh.vnecdn.net,4,156,49,6,145,87,1.67,image,1,0
https://vcdn1-vnexpress.vnecdn.net/2026/02/03/da5fce691613984dc102-177010046-9569-8488-1770100576.jpg?w=220&h=132&q=100&dpr=1&fit=crop&s=tc3IvSRnalDu1ad9BzUsFQ,vcdn1-vnexpress.vnecdn.net,4,159,62,6,145,87,1.67,image,1,0
https://vcdn1-giadinh.vnecdn.net/2026/02/03/bn-jx840-onechi-m-201508191835-8915-9854-1770088316.jpg?w=220&h=132&q=100&dpr=1&fit=crop&s=pi0H6_OmVOYgsToG_MPrjw,vcdn1-giadinh.vnecdn.net,4,157,54,6,145,87,1.67,image,1,0
https://vcdn1-vnexpress.vnecdn.net/2026/02/03/5563187178137268924a-iskander-1424-3887-1770107333.jpg?w=380&h=228&q=100&dpr=1&fit=crop&s=mfjSYyWzyAKVRQNG4CtOOw,vcdn1-vnexpress.vnecdn.net,4,158,57,6,225,135,1.67,image,0,0
https://vcdn1-thethao.vnecdn.net/2026/02/03/top-1770111620-5872-1770111626.jpg?w=380&h=228&q=100&dpr=1&fit=crop&s=oU9RaGhuAILmQEtb_6xipQ,vcdn1-thethao.vnecdn.net,4,136,45,6,225,135,1.67,image,0,0
https://is.vnecdn.net/objects/teams/500.png,is.vnecdn.net,3,43,3,0,12,12,1.0,image,0,0
https://is.vnecdn.net/objects/teams/489.png,is.vnecdn.net,3,43,3,0,12,12,1.0,image,0,0
https://is.vnecdn.net/objects/teams/42.png,is.vnecdn.net,3,42,2,0,12,12,1.0,image,0,0
https://is.vnecdn.net/objects/teams/49.png,is.vnecdn.net,3,42,2,0,12,12,1.0,image,0,0
https://is.vnecdn.net/objects/teams/722.png,is.vnecdn.net,3,43,3,0,12,12,1.0,image,0,0
https://is.vnecdn.net/objects/teams/529.png,is.vnecdn.net,3,43,3,0,12,12,1.0,image,0,0
https://is.vnecdn.net/objects/teams/50.png,is.vnecdn.net,3,42,2,0,12,12,1.0,image,0,0
https://is.vnecdn.net/objects/teams/34.png,is.vnecdn.net,3,42,2,0,12,12,1.0,image,0,0
https://is.vnecdn.net/objects/teams/505.png,is.vnecdn.net,3,43,3,0,12,12,1.0,image,0,0
https://is.vnecdn.net/objects/teams/503.png,is.vnecdn.net,3,43,3,0,12,12,1.0,image,0,0
https://is.vnecdn.net/objects/teams/2929.png,is.vnecdn.net,3,44,4,0,12,12,1.0,image,0,0
https://is.vnecdn.net/objects/teams/2945.png,is.vnecdn.net,3,44,4,0,12,12,1.0,image,0,0
https://is.vnecdn.net/objects/teams/499.png,is.vnecdn.net,3,43,3,0,12,12,1.0,image,0,0
https://is.vnecdn.net/objects/teams/496.png,is.vnecdn.net,3,43,3,0,12,19,0.63,image,0,0
https://is.vnecdn.net/objects/teams/543.png,is.vnecdn.net,3,43,3,0,12,12,1.0,image,0,0
https://is.vnecdn.net/objects/teams/530.png,is.vnecdn.net,3,43,3,0,12,12,1.0,image,0,0
https://vcdn1-giaitri.vnecdn.net/2026/02/03/p3-1770103454-1770103641-1369-1770103823.jpg?w=380&h=228&q=100&dpr=1&fit=crop&s=2-cNtFbjyuGpLKj404jjZA,vcdn1-giaitri.vnecdn.net,4,146,58,6,225,135,1.67,image,0,0
https://vcdn1-vnexpress.vnecdn.net/2026/02/03/a-nh-ma-n-hi-nh-2026-01-29-lu-6504-1371-1770110798.png?w=380&h=228&q=100&dpr=1&fit=crop&s=3kk8ZkN6Ewur6FkhXmGn1g,vcdn1-vnexpress.vnecdn.net,4,158,50,6,225,135,1.67,image,0,0
https://vcdn1-vnexpress.vnecdn.net/2026/02/03/hgn07386-1770109590-7513-1770109866.jpg?w=380&h=228&q=100&dpr=1&fit=crop&s=xuluzdLCnfKmeiBtNaDiVw,vcdn1-vnexpress.vnecdn.net,4,143,48,6,225,135,1.67,image,1,0
https://vcdn1-vnexpress.vnecdn.net/2025/09/06/bpng-1757138134.png?w=100&h=100&q=100&dpr=1&fit=crop&s=QvHYTd9OFpjLrA79ISz0FQ,vcdn1-vnexpress.vnecdn.net,4,123,33,6,66,66,1.0,image,0,0
https://vcdn1-kinhdoanh.vnecdn.net/2026/02/03/photo-6685641-dji-969-jpg-1984-1352-8606-1770107547.jpg?w=380&h=228&q=100&dpr=1&fit=crop&s=8yGDDEODxux12UHrTxr3fw,vcdn1-kinhdoanh.vnecdn.net,4,159,55,6,225,135,1.67,image,0,0
https://s1cdn.vnecdn.net/vnexpress/restruct/i/v9777/graphics/logo-mbbank.png,s1cdn.vnecdn.net,6,76,5,0,83,20,4.15,image,0,0
https://s1cdn.vnecdn.net/vnexpress/restruct/i/v9777/graphics/netzero.png,s1cdn.vnecdn.net,6,72,5,0,74,20,3.7,image,0,0
https://s1cdn.vnecdn.net/vnexpress/restruct/i/v9777/v2_2019/pc/graphics/logo.svg,s1cdn.vnecdn.net,8,80,10,0,140,23,6.09,image,0,0
https://s1cdn.vnecdn.net/vnexpress/restruct/i/v9777/v2_2019/pc/graphics/Download_Huawei.png,s1cdn.vnecdn.net,8,91,10,0,270,82,3.29,image,1,0
https://s1cdn.vnecdn.net/vnexpress/restruct/i/v9777/v2_2019/pc/graphics/Download_AppStore.png,s1cdn.vnecdn.net,8,93,10,0,270,80,3.38,image,1,0
https://s1cdn.vnecdn.net/vnexpress/restruct/i/v9777/v2_2019/pc/graphics/Download_PlayStore.png,s1cdn.vnecdn.net,8,94,10,0,270,80,3.38,image,1,0
https://s1cdn.vnecdn.net/vnexpress/restruct/i/v9777/v2_2019/pc/graphics/qr_app.svg,s1cdn.vnecdn.net,8,82,10,0,592,592,1.0,image,0,0
https://s1cdn.vnecdn.net/vnexpress/restruct/i/v9777/v2_2019/pc/graphics/Download_Huawei.png,s1cdn.vnecdn.net,8,91,10,0,270,82,3.29,image,1,0
https://s1cdn.vnecdn.net/vnexpress/restruct/i/v9777/v2_2019/pc/graphics/Download_AppStore.png,s1cdn.vnecdn.net,8,93,10,0,270,80,3.38,image,1,0
https://s1cdn.vnecdn.net/vnexpress/restruct/i/v9777/v2_2019/pc/graphics/Download_PlayStore.png,s1cdn.vnecdn.net,8,94,10,0,270,80,3.38,image,1,0
https://s1cdn.vnecdn.net/vnexpress/restruct/i/v9777/v2_2019/pc/graphics/qr_app_en.svg,s1cdn.vnecdn.net,8,85,10,0,1147,1147,1.0,image,0,0
https://cm.g.doubleclick.net/partnerpixels?gdpr=0&us_privacy=1---&gpp_sid=-1&url=https%3A%2F%2Fvnexpress.net%2F,cm.g.doubleclick.net,1,111,7,4,304,154,1.97,subdocument,0,1
https://media1.admicro.vn/cms/arf-517053.min.js,media1.admicro.vn,2,47,7,0,0,0,0.0,script,1,1
https://media1.admicro.vn/core/adm_tracking.js?id=1,media1.admicro.vn,2,51,2,1,0,0,0.0,script,1,1
https://www.googletagmanager.com/gtm.js?id=GTM-M5B7X8N,www.googletagmanager.com,1,54,3,1,0,0,0.0,script,0,1
https://media1.admicro.vn/k14/admcore.js,media1.admicro.vn,2,40,3,0,0,0,0.0,script,1,1
https://media1.admicro.vn/cms/Arf.min.js,media1.admicro.vn,2,40,1,0,0,0,0.0,script,1,1
https://media1.admicro.vn/ads_codes/ads_code_1.ads,media1.admicro.vn,2,50,2,0,0,0,0.0,script,1,1
https://media1.admicro.vn/core/admcoreext.js,media1.admicro.vn,2,44,1,0,0,0,0.0,script,1,1
https://media1.admicro.vn/cms/arf-490.min.js,media1.admicro.vn,2,44,4,0,0,0,0.0,script,1,1
https://media1.admicro.vn/cms/arf-13602.min.js,media1.admicro.vn,2,46,6,0,0,0,0.0,script,1,1
https://media1.admicro.vn/cms/arf-49.min.js,media1.admicro.vn,2,43,3,0,0,0,0.0,script,1,1
https://media1.admicro.vn/cms/arf-50.min.js,media1.admicro.vn,2,43,3,0,0,0,0.0,script,1,1
https://media1.admicro.vn/cms/arf-llg21a6i.min.js,media1.admicro.vn,2,49,4,0,0,0,0.0,script,1,1
https://media1.admicro.vn/cms/arf-253.min.js,media1.admicro.vn,2,44,4,0,0,0,0.0,script,1,1
https://media1.admicro.vn/cms/arf-lblqqllj.min.js,media1.admicro.vn,2,49,1,0,0,0,0.0,script,1,1
https://media1.admicro.vn/core/ssppage.js,media1.admicro.vn,2,41,1,0,0,0,0.0,script,1,1
https://media1.admicro.vn/core/ssppage.js,media1.admicro.vn,2,41,1,0,0,0,0.0,script,1,1
https://media1.admicro.vn/core/ssppage.js,media1.admicro.vn,2,41,1,0,0,0,0.0,script,1,1
https://media1.admicro.vn/cms/arf-kpz8v0up.min.js,media1.admicro.vn,2,49,3,0,0,0,0.0,script,1,1
https://media1.admicro.vn/core/pr/pr_xack14.js,media1.admicro.vn,3,46,3,0,0,0,0.0,script,1,1
https://media1.admicro.vn/core/pr/pr_kenh14.vn.js,media1.admicro.vn,3,49,3,0,0,0,0.0,script,1,1
https://media1.admicro.vn/cms/arf-336.min.js,media1.admicro.vn,2,44,4,0,0,0,0.0,script,1,1
https://media1.admicro.vn/cms/arf-31422.min.js,media1.admicro.vn,2,46,6,0,0,0,0.0,script,1,1
https://media1.admicro.vn/cms/arf-34624.min.js,media1.admicro.vn,2,46,6,0,0,0,0.0,script,1,1
https://media1.admicro.vn/core/core_sticky.js,media1.admicro.vn,2,45,1,0,0,0,0.0,script,1,1
https://media1.admicro.vn/cms/arf-ljgmqoa2.min.js,media1.admicro.vn,2,49,2,0,0,0,0.0,script,1,1
https://media1.admicro.vn/cms/arf-31530.min.js,media1.admicro.vn,2,46,6,0,0,0,0.0,script,1,1
https://kenh14cdn.com/web_images/theme-wca-25-v2.gif,kenh14cdn.com,2,52,5,0,302,70,4.31,image,0,0
https://media1.admicro.vn/cms/arf-k6hc309u.min.js,media1.admicro.vn,2,49,5,0,0,0,0.0,script,1,1
https://cafef.vn/du-lieu/Ajax/Chart/ChartGodl.aspx?heght=300&clp=https://baotinmanhhai.vn?utm_source=Kenh14&utm_medium=LogoBTMH&utm_campaign=Boxgiavang,cafef.vn,4,151,5,4,300,450,0.67,subdocument,0,0
https://media1.admicro.vn/cms/arf-m0p0l12l.min.js,media1.admicro.vn,2,49,5,0,0,0,0.0,script,1,1
https://media1.admicro.vn/cms/arf-lp2fq4s9.min.js,media1.admicro.vn,2,49,4,0,0,0,0.0,script,1,1
https://kenh14cdn.com/zoom/460_289/203336854389633024/2026/2/2/ngang-17700245253671413999732.jpg,kenh14cdn.com,7,96,55,0,460,289,1.59,image,0,0
https://kenh14cdn.com/zoom/220_289/203336854389633024/2026/2/2/598-786-max-5-1770051926340305783408-0-0-786-590-crop-1770051941941185693958.jpg,kenh14cdn.com,7,143,91,0,220,289,0.76,image,0,0
https://kenh14cdn.com/zoom/250_156/203336854389633024/2026/2/3/-23858-pm-14391806-1751595615079-17515956152421945742569-1770084598429-17700845988191582504787-1770089437202-1770089437488151-87-0-537-720-crop-1770089529915794307424.jpg,kenh14cdn.com,7,233,177,0,250,156,1.6,image,0,0
https://kenh14cdn.com/zoom/250_156/203336854389633024/2026/2/2/ngang-1770021629788902210626.jpg,kenh14cdn.com,7,95,54,0,250,156,1.6,image,0,0
https://kenh14cdn.com/zoom/250_156/203336854389633024/2026/2/2/avatar1770047176992-1770047177360906435951-0-0-375-600-crop-17700472164881310100703.jpg,kenh14cdn.com,7,150,98,0,250,156,1.6,image,0,0
https://kenh14cdn.com/zoom/250_156/203336854389633024/2026/2/3/maa-1770084575845262684916.png,kenh14cdn.com,7,93,54,0,250,156,1.6,image,0,0
https://kenh14cdn.com/zoom/250_156/203336854389633024/2026/2/2/avatar1770038785949-1770038786729588335434.jpg,kenh14cdn.com,7,109,67,0,250,156,1.6,image,0,0
https://media1.admicro.vn/core/ins_kenh14_2.js,media1.admicro.vn,2,46,4,0,0,0,0.0,script,1,1
https://kenh14cdn.com/zoom/250_156/203336854389633024/2026/2/3/avatar1770108119202-17701081196061157195457.jpg,kenh14cdn.com,7,110,68,0,250,156,1.6,image,0,0
https://kenh14cdn.com/zoom/250_156/203336854389633024/2026/2/3/photo2026-02-03-145526-1770106165593501624789-1770106604452-17701066046681023070978-317-0-674-571-crop-17701072203881194596972.jpeg,kenh14cdn.com,7,194,137,0,250,156,1.6,image,0,0
https://kenh14cdn.com/zoom/250_156/203336854389633024/2026/2/3/avatar1770110748783-17701107492381508004533-0-0-489-782-crop-1770110780982599444213.jpg,kenh14cdn.com,7,150,98,0,250,156,1.6,image,0,0
https://kenh14cdn.com/zoom/250_156/203336854389633024/2026/2/3/avatar1770108297734-1770108298105939044969.jpg,kenh14cdn.com,7,109,67,0,250,156,1.6,image,0,0
https://kenh14cdn.com/zoom/250_156/203336854389633024/2026/2/3/avatar1770095323881-1770095324150145201755.jpg,kenh14cdn.com,7,109,67,0,250,156,1.6,image,0,0
https://kenh14cdn.com/zoom/250_156/203336854389633024/2026/2/3/avatar1770093034425-1770093034976699396190.png,kenh14cdn.com,7,109,67,0,250,156,1.6,image,0,0
https://kenh14cdn.com/zoom/250_156/203336854389633024/2026/2/3/avatar1770089773916-17700897742431243164752.jpeg,kenh14cdn.com,7,111,68,0,250,156,1.6,image,0,0
https://kenh14cdn.com/zoom/250_156/203336854389633024/2026/2/3/avatar1770106007361-17701060075862063020723.png,kenh14cdn.com,7,110,68,0,250,156,1.6,image,0,0
https://kenh14cdn.com/zoom/250_156/203336854389633024/2026/2/3/avatar1770107243729-17701072441321910977782.jpg,kenh14cdn.com,7,110,68,0,250,156,1.6,image,0,0
https://kenh14cdn.com/zoom/250_156/203336854389633024/2026/2/3/avatar1770110312826-17701103135142145256767-0-79-438-780-crop-17701103446421560804762.png,kenh14cdn.com,7,152,100,0,250,156,1.6,image,0,0
https://kenh14cdn.com/zoom/250_156/203336854389633024/2026/2/3/screenshot-2026-02-02-175035-177-1770084109522479904446.jpg,kenh14cdn.com,7,122,71,0,250,156,1.6,image,0,0
https://kenh14cdn.com/zoom/250_156/203336854389633024/2026/2/2/avatar1770029657587-1770029657978139689985.jpg,kenh14cdn.com,7,109,67,0,250,156,1.6,image,0,0
https://kenh14cdn.com/zoom/250_156/203336854389633024/2026/2/2/avatar1770052585225-17700525854881885624327-0-14-365-598-crop-17700525920171111203569.jpg,kenh14cdn.com,7,152,100,0,250,156,1.6,image,0,0
https://kenh14cdn.com/zoom/250_156/203336854389633024/2026/2/3/chua-co-ten-800-x-500-px-1770025-17700904172371612706784.jpg,kenh14cdn.com,7,123,68,0,250,156,1.6,image,0,0
https://kenh14cdn.com/zoom/250_156/203336854389633024/2026/2/3/avatar1770106795159-1770106796093995469913.png,kenh14cdn.com,7,109,67,0,250,156,1.6,image,0,0
https://kenh14cdn.com/zoom/250_156/203336854389633024/2026/2/3/b3f86b3e-5e63-4195-8610-3602a7630070-1770105002370349938142.png,kenh14cdn.com,7,126,80,0,250,156,1.6,image,0,0
https://kenh14cdn.com/203336854389633024/2026/1/5/wca25-br-17675874296961239609022.jpg,kenh14cdn.com,5,86,51,0,150,20,7.5,image,0,0
https://kenh14cdn.com/zoom/260_163/203336854389633024/2026/2/2/avatar1770044474559-17700444750681113321572.jpg,kenh14cdn.com,7,110,68,0,260,163,1.6,image,0,0
https://kenh14cdn.com/zoom/260_163/203336854389633024/2026/2/2/fotojet-14-176999627501630314977-0-0-418-669-crop-17699962785491494608252.jpg,kenh14cdn.com,7,140,86,0,260,163,1.6,image,0,0
https://kenh14cdn.com/zoom/260_163/203336854389633024/2026/2/2/avatar-4-17700130475052062946030-0-10-400-650-crop-1770013053976622697483.jpg,kenh14cdn.com,7,140,87,0,260,163,1.6,image,0,0
https://kenh14cdn.com/zoom/260_163/203336854389633024/2026/2/1/avatar1769960500317-176996050054527410907-55-0-912-1372-crop-17699605163261543017281.png,kenh14cdn.com,7,151,99,0,260,163,1.6,image,0,0
https://kenh14cdn.com/zoom/260_163/203336854389633024/2026/2/2/avatar1770010571298-17700105715351113003623-18-0-313-472-crop-1770010582464502366857.jpg,kenh14cdn.com,7,151,99,0,260,163,1.6,image,0,0
https://kenh14cdn.com/zoom/260_163/203336854389633024/2026/2/1/avatar1769957871227-1769957871428394700950.png,kenh14cdn.com,7,109,67,0,260,163,1.6,image,0,0
https://kenh14cdn.com/zoom/250_156/203336854389633024/2026/2/3/ban-sao-cua-thiet-ke-khong-ten-1-1770108248237322231219-1770108849170-17701088493401603332775.png,kenh14cdn.com,7,160,91,0,250,156,1.6,image,0,0
https://kenh14cdn.com/zoom/250_156/203336854389633024/2026/2/3/49200071520814950023576643955341864016533103n-1770096754678378900946-1770103081622-17701030819391396873604-383-0-1157-1238-crop-1770103096747843581888.jpg,kenh14cdn.com,7,217,168,0,250,156,1.6,image,0,0
https://kenh14cdn.com/203336854389633024/2024/3/19/mdgs-br-1710818014987803684595.png,kenh14cdn.com,5,85,49,0,148,20,7.4,image,0,0
https://kenh14cdn.com/zoom/250_156/203336854389633024/2026/2/3/img3070-17701000602091855280932-1770104949206-17701049498161749750281-74-0-805-1170-crop-17701050579552080959839.jpg,kenh14cdn.com,7,179,128,0,250,156,1.6,image,0,0
https://kenh14cdn.com/zoom/250_156/203336854389633024/2026/2/3/avatar1770102423310-1770102423751475797772-0-55-320-567-crop-1770102437085382041770.jpg,kenh14cdn.com,7,150,98,0,250,156,1.6,image,0,0
https://kenh14cdn.com/zoom/250_156/203336854389633024/2026/2/3/avatar1770103430103-17701034304262024421708-293-0-853-896-crop-17701034493452063369137.png,kenh14cdn.com,7,153,101,0,250,156,1.6,image,0,0
https://kenh14cdn.com/zoom/250_156/203336854389633024/2026/2/3/avatar1770094629666-17700946300381370165482.png,kenh14cdn.com,7,110,68,0,250,156,1.6,image,0,0
https://kenh14cdn.com/zoom/250_156/203336854389633024/2026/2/3/491512414186200030140564213366067469703634943n-1770083649050401747092-1770090888142-1770090888326472328040-52-0-755-1125-crop-17700909500841440792339.jpg,kenh14cdn.com,7,216,167,0,250,156,1.6,image,0,0
https://kenh14cdn.com/zoom/250_156/203336854389633024/2026/2/3/62434173223198054651932828855595278116204129n-17700803583311593758151-1770082782761-17700827829651287741222-222-0-605-612-crop-17700828672661795373293.jpg,kenh14cdn.com,7,217,168,0,250,156,1.6,image,0,0
https://kenh14cdn.com/zoom/399_249/203336854389633024/2026/1/18/avangangc23aaf4d-ad6a-4d86-ad86-3c45e838907d-17687038625401301874346.jpg,kenh14cdn.com,7,136,74,0,399,249,1.6,image,1,0
https://kenh14cdn.com/zoom/250_156/203336854389633024/2026/1/18/dphxovhw-1768695267419887482096.jpeg,kenh14cdn.com,7,100,55,0,250,156,1.6,image,0,0
https://kenh14cdn.com/zoom/250_156/203336854389633024/2026/1/15/ngang4bf46c58-1773-4c8f-8488-bf45f1428ae1-17684495357781496480609-0-0-1042-1667-crop-17684495911331270668130.jpg,kenh14cdn.com,7,176,111,0,250,156,1.6,image,0,0
https://kenh14cdn.com/zoom/250_156/203336854389633024/2026/2/3/screenshot-2026-02-02-175035-177-1770084109522479904446.jpg,kenh14cdn.com,7,122,71,0,250,156,1.6,image,0,0
https://kenh14cdn.com/zoom/250_156/203336854389633024/2026/2/2/587798348186691228600564217023170305536021744n-17700088722511488523659-1770022068328-17700220685421035509188-171-0-1071-1440-crop-17700221158631820659373.jpg,kenh14cdn.com,7,220,171,0,250,156,1.6,image,0,0
https://kenh14cdn.com/web_images/vccorp-s.png,kenh14cdn.com,2,45,2,0,100,49,2.04,image,0,0
